Name,Address,Latitude,Longitude
Залізничний відділ поліції, м. Львів вул. Чернівецька 2,49.83747229999999,24.0013053
Личаківський відділ поліції, м. Львів вул. Романчука 18,49.8337087,24.0386068
Сихівський відділ поліції, м. Львів пр. Червоної Калини 66,49.7907518,24.0572197
Франківський відділ поліції, м. Львів вул. Генерала Чупринки 65,49.8286222,24.005998
Галицький відділ поліції, м. Львів вул. Мартовича 2,49.8354869,24.030517
Шевченківський відділ поліції, м. Львів вул. А. Кучера 5,49.8438969,24.0198749
